Label,# Samples,Average,Min,Max,Std. Dev.,Error %,Throughput,Received KB/sec,Sent KB/sec,Avg. Bytes
Login,3333,1162,1036,11112,334.73,0.000%,2.77377,2.11,0.85,777.3
Create Booking,3333,295,259,11284,245.40,0.000%,2.77122,2.49,1.20,918.3
Search Booking,3333,304,261,6263,258.20,0.540%,2.76768,2.40,0.66,888.7
TOTAL,9999,587,259,11284,494.81,0.180%,8.27942,6.97,2.70,861.4
